SM686-7,train
LYI1079-2,train
GA817-1-8,train
DA684-4,train
GS490-_6,train
LBE857-1,train
GSS052-6,train
RM126-5,train
JS292-7,train
RC545-2-9,train
MT351-4,train
GA982-7,train
ST586-7,train
OJ319-3,train
AHS599-4,train
RA467-2,train
PI1004-3,train
RS362-4,train
LM844-1,train
GE1055-6,train
LV613-2,train
RM29-5,train
FA662-6,train
CAV074-3,train
RA803-4,train
BG201-1,train
VC581-1,train
GUDPI077-8,train
FC1164-11,train
GA664-8,train
CC751-4,train
VC104-2,train
LE679-8,train
CA063-6,train
PG209-3,train
KD774-4,train
MM445-2-1,train
TJ899-2,train
HE377-4,train
BS544-1,train
MM912-4,train
BS1033-2,train
GJ191-1,train
BG723-5,train
MA470-5,train
CS552-4,train
LS93-8,train
RM126-4,train
VC581-5,train
DL617-6,train
DC932-2,train
CE417-3,train
PH394-2,train
LD400-1,train
AB028-6,train
CAV074-4,train
GD391-8,train
BY829-1,train
RC755-9,train
BMH857-2,train
RI382-2,train
GF667-2-6,train
VF269-7,train
CM627-1,train
GC381-10,train
LTE064-5,train
SLM044-1-1,train
SDSA208-4,train
AS556-3,train
LK584-3,train
VC581-11,train
LS359-1-7,train
BE645-7,train
MS624-8,train
CC007-2,train
BE735-2,train
BM007-9,train
MAS094-5,train
BA958-2,train
BE645-10,train
GM858-2-6,train
BJ492-11,train
DA309-5,train
UL050-_9,train
QC211-6,train
VM570-8,train
PA745-3,train
CE525-2,train
RM549-1,train
DT336-2,train
DM1046-12,train
DL61-2,train
PA276-3,train
OJ319-5,train
BY829-3,train
PV361-2,train
PMDPI029-1-6,train
LBR602-1,train
BC277-9,train
DE069-7,train
LA367-4,train
DHDPI042-6,train
FC048-6,train
DS17-2,train
OP517-1,train
BJ3371-9,train
AH988-4,train
MJ402-10,train
CV306-2,train
DI358-3,train
LZ865-2,train
PMDPI029-1-1,train
GE294-4,train
VM195-5,train
BS918-6,train
VC581-6,train
GS220-2,train
PS292-4,train
ML585-2,train
LBM519-10,train
MI820-4,train
GF1042-2-6,train
MM334-5,train
FD156-4,train
QA374-7,train
ALR493-10,train
BA1195-9,train
HM69-4,train
BI104-3,train
KA474-5,train
DE842-3,train
CM641-1-8,train
MAS094-2,train
BC396-1,train
DAS678-1,train
DV210-4,train
HH569-4,train
LV488-7,train
LA825-5,train
VC581-12,train
GS349-4,train
RM855-3,train
MS624-4,train
LLN757-6,train
GS400-7,train
BS596-5,train
VS510-2,train
GS430-2,train
LFA766-1,train
OJ319-10,train
EJ393-3,train
SS527-8,train
DT336-1,train
NC636-4,train
LA1071-6,train
ME540-11,train
TN888-3,train
MS624-6,train
DE069-3,train
LT634-4,train
AM716-7,train
BMS288-1,train
OJ319-8,train
BA560-1,train
OF960-2,train
DH1012-1,train
PI1027-1,train
GS611-3,train
LS123-3,train
DAS706-3,train
CN473-1,train
BO613-7,train
GS430-1,train
GRSO424-8,train
KF460-4,train
ALR493-6,train
AS563-1,train
VS321-6,train
GS205-2,train
DY236-4,train
GF1042-1-3,train
CM010-10,train
JL073-6,train
PA145-1,train
BC973-4,train
LV723-1,train
CO119-8,train
MM84-8,train
FV709-11,train
MRA165-6,train
VA225-6,train
DL266-4,train
MM834-5,train
KF460-3,train
CM010-7,train
MC833-6,train
ND1068-3,train
CC455-3,train
RA361-4,train
TA757-4,train
BM414-3,train
GF667-1-1,train
RM126-6,train
AK383-1,train
BS648-2-4,train
TA12-1,train
TH481-5,train
MT520-4,train
DHDPI042-3,train
BJ497-7,train
VS321-7,train
GC836-4,train
BC750-7,train
BS1086-1,train
BS648-7,train
CC563-5,train
PO13-3,train
PMDPI029-1-9,train
TC1047-2,train
LMMG218-1-10,train
GS205-6,train
RM126-11,train
GS490-2,train
SS684-8,train
GS430-9,train
CM782-8,train
QC697-4,train
MA595-5,train
DS666-9,train
TAS1069-2,train
TN611-7,train
LP181-1,train
BA782-2,train
DHDPI042-8,train
GS980-2,train
TK319-10,train
PN636-1-6,train
GE218-3,train
LGA881-2-5,train
MA1007-3,train
VM569-7,train
BL526-5,train
LG168-3,train
SC818-2,train
DV116-3,train
BC254-1,train
PMDPI029-1-5,train
PL974-9,train
LK523-2,train
CA704-2,train
DML373-2,train
BM256-1,train
BN1010-5,train
RG434-11,train
DN881-6,train
GM293-3,train
GM293-2,train
SC385-11,train
SS722-8,train
SN586-8,train
GML002-7,train
MV750-5,train
DE069-10,train
BA560-2,train
CK601-2,train
FA344-5,train
SC700-1,train
BC396-2,train
HL369-6,train
HS160-4,train
GS415-5,train
CM146-1,train
BL526-1,train
RM126-8,train
RV754-4,train
LC161-1-4,train
PA916-1-10,train
BL366-6,train
BN356-3,train
AA83-7,train
LTE064-8,train
LT1112-5,train
RK787-3,train
GS334-6,train
DL020-3,train
GD391-9,train
MS565-10,train
JV227-2,train
OA170-11,train
VN484-1,train
MC373-5,train
RO793-2,train
DML271-2,train
RS363-7,train
GA664-4,train
EH309-8,train
DS947-2,train
SM307-1-9,train
VC581-10,train
LS058-7,train
CM627-3,train
EA32-6,train
PM273-6,train
LCF544-2,train
LC765-2,train
RL747-8,train
BM076-4,train
FF717-4,train
VM195-6,train
GC340-10,train
LV683-2-3,train
AS71-3,train
MF532-3,train
OJ319-9,train
SK902-1-8,train
CE417-6,train
CA658-6,train
PE724-1,train
CE604-1,train
RC755-3,train
CJ528-1,train
LV366-6,train
TT615-1-8,train
LEG557-3,train
RA803-2,train
GJ285-1,train
PD496-6,train
RL948-2,train
LS058-8,train
GA425-1,train
MA797-7,train
CAV074-9,train
BA25-7,train
PA337-4,train
TN807-3,train
MC663-7,train
BL418-7,train
ME799-5,train
CM892-5,train
MV930-2,train
BI224-2,train
DV305-3,train
CC938-4,train
TM272-9,train
PC809-7,train
PMDPI029-1-8,train
DE604-3,train
CJ261-6,train
BM352-6,train
LSD500-3,train
VC581-7,train
WA1014-3,train
KF460-5,train
RC545-2-8,train
CF946-6,train
FM162-6,train
BH034-4,train
CE417-1,train
RM126-1,train
GM858-1-3,train
GC658-3,train
OJ319-7,train
RC755-6,train
MM445-2-9,train
PE081-5,train
CAV074-6,train
LH1169-8,train
CM627-8,train
MA797-4,train
CA390-2,train
RC1103-1,train
ZL1077-1,train
RC812-3,train
MA752-1,train
TN359-9,train
PAS742-3,train
TM981-1,train
GS611-4,train
HA1040-4,train
PE256-2,train
RD167-7,train
RBC697-1,train
GC658-9,train
RLFS800-2,train
KJ1077-3,train
LP284-3,train
CE712-2,train
MAS203-4,train
PA1217-8,train
HF71-3,train
RM126-9,train
BS836-11,train
RG944-2,train
CJ261-10,train
HH569-2,train
TL475-7,train
TN359-10,train
CM1073-4,train
QC267-8,train
CAV074-1,train
DC307-2,train
AB91-1,train
RC545-2-5,train
AM918-2-5,train
LTE064-1,train
PA731-2-3,train
HS893-8,train
EC234-5,train
TA757-9,train
VH99-3,train
VS510-7,train
SL313-11,train
JV227-5,train
CZ594-5,train
RM184-1,train
LAC959-6,train
WS1048-4,train
CAV074-5,train
ADM715-1-2,train
MC933-2,train
BL526-4,train
GA1087-6,train
RM126-7,train
CZ594-1,train
BN356-6,train
RE260-6,train
DV728-6,train
TM312-2,train
AL702-9,train
FM864-7,train
CA658-12,train
KT573-4,train
GF976-4,train
LGA881-1-2,train
DM235-3,train
EE656-3,train
LHV745-7,train
DN376-8,train
FN852-1,train
RG434-_10,train
OJ319-2,train
SHE580-7,train
TM428-3,train
OF387-2,train
LCF979-1,train
HV298-8,train
AM716-1,train
LA467-2,train
RM126-2,train
AM685-3,train
PE863-4,train
CL783-2,train
GG677-5,train
GS490-4,train
GNB477-5,train
DHDPI042-7,train
CC966-1,train
LNA592-9,train
MA505-1,train
KJ426-9,train
MA1059-3,train
OC110-5,train
ME540-7,train
GJ165-5,train
GA664-1,train
VC789-3,train
LA386-4,train
LA733-3,train
DA781-4,train
GS826-2,train
DG487-4,train
CN606-5,train
EH315-8,train
TV654-4,train
DA769-1,train
MN011-3,train
GC340-1,train
LNA592-8,train
LC648-2,train
DA925-6,train
QC211-2,train
PE863-9,train
BM201-1,train
HE469-5,train
NE429-4,train
EH315-3,train
LM184-3,train
BJ3371-10,train
PE83-6,train
GJ316-1,train
LD400-6,train
RE828-1,train
FM1017-5,train
DSE41-2,train
RC755-7,train
MC710-3,train
SA288-6,train
TV1166-4,train
CA063-10,train
BC782-2,train
OA333-6,train
BK428-2,train
BC254-5,train
PE256-5,train
LLA399-2,train
SK902-6,train
WA402-7,train
DN340-2,train
JM1088-1,train
BR953-7,train
MC427-1,train
BL042-8,train
GS955-7,train
BC518-6,train
ME577-7,train
TJ297-4,train
PH664-7,train
PMDPI029-1-3,train
BV646-6,train
CA364-7,train
VA197-5,train
AS1015-2,train
MA488-3,train
LK584-2,train
MM445-2-2,train
BMS819-7,train
PA145-2,train
LL1196-5,train
GM456-3,train
GC340-3,train
SK308-7,train
LC498-2,train
CC336-9,train
MA885-10,train
LS366-1,train
GE843-2,train
GA122-8,train
DV728-7,train
RV454-6,train
AC264-1,train
LS1035-1,train
BM256-4,train
BA518-7,train
GC702-6,train
AG274-2,train
GS753-8,train
LM184-4,train
PMDPI029-1-11,train
NK206-3,train
RL461-4,train
HM214-2-9,train
GC851-5,train
MAS203-6,train
AMT360-1-9,train
BM984-2,train
RD1142-2,train
BM655-10,train
SM307-1-12,train
TD958-2-1,train
LM985-4,train
BS495-9,train
GA703-2-7,train
DSM138-5,train
AG782-6,train
MA505-2,val
MA8-2,val
VM570-4,val
PMDPI029-1-2,val
WS531-4,val
RG864-1,val
HC459-6,val
KF460-11,val
BC277-10,val
VC581-3,val
RM126-10,val
VA197-2,val
LBE649-3,val
OJ319-6,val
AL884-2,val
LM335-7,val
BF924-3,val
LV723-9,val
PC758-2,val
AG782-8,val
BM968-3,val
SK308-10,val
BM209-8,val
ZS435-5,val
PMDPI029-1-10,val
BM016-2,val
ZS435-6,val
DA1054-5,val
MS511-2-3,val
PH783-3,val
BA258-6,val
DV210-8,val
FE14-020,val
RV146N2-6,val
LTA908-2,val
AAL839-6,val
LN233-3,val
LC648-1,val
SC385-9,val
HC724-5,val
LL854-1,val
NA834-7,val
LBM519-1,val
LBS371-1-8,val
PN110-11,val
UL050-_10,val
LA1012-5,val
HE444-4,val
CA390-6,val
MS1034-1,val
BS777-8,val
GF083-5,val
CK601-4,val
HE444-3,val
ML954-3,val
GS811-3,val
AS662-2,val
EH512-10,val
GA365-1,val
JC858-4,val
RI273-6,val
MM41-7,val
GS490-7,val
RC755-1,val
MM897-7,val
MDCH869-4,val
TL179-5,val
TA656-2,val
PN110-9,val
TM312-6,val
CAV074-8,test
SE040-4,test
DC307-1,test
DS61-1,test
BE413-3,test
DRL1048-1,test
PA289-8,test
HS15-11,test
MM1134-3,test
LC161-2-5,test
RMN410-3,test
AHS115-5,test
BL285-1-3,test
MP228-5,test
WM472-8,test
VC581-2,test
QC267-7,test
DM1114-6,test
MRA165-7T,test
GA664-3,test
RC54-4,test
TM294-2,test
MG1147-6,test
LS1045-4,test
LLN873-1,test
VA95-1,test
LV683-2-8,test
DC307-7,test
JS292-8,test
DE069-2,test
RS781-7,test
LBM659-6,test
BE340-9,test
FS987-5,test
GT353-3,test
MS624-7,test
BC167-4,test
ME378-4,test
BE327-2,test
DJC641-4,test
GM213-2,test
PA214-5,test
AM365-7,test
GC836-1,test
BM016-5,test
BJ492-8,test
QD472-3,test
JE021-4,test
BE645-3,test
KF460-7,test
RC755-4,test
GSS052-2,test
GA800-4,test
GA911-3,test
LGA21-6,test
FH658-4,test
GE663-5,test
CS552-2,test
IZ1001-1,test
PS148-9,test
PC55-2,test
RA580-2,test
LSD500-6,test
PJ533-8,test
BS294-7,test
LC47-8,test
MN32-6,test
TA239-2,test
GM537-7,test
AM33-2,test
